{
  "env": {
    "name": "production"
  },
  "server": {
    "baseApiUrl": "https://account.hrblock.com/",
    "baseGatewayApiUrl": "https://account.hrblock.com/",
    "appUrl": "https://account.hrblock.com/",
    "dashboardBaseApiUrl": "https://account.hrblock.com/",
    "taxHistoryCehUrl": "https://account.hrblock.com/",
    "taxHistoryUrl": "https://account.hrblock.com/",
    "emeraldCardUrl": "https://myemeraldonline.hrblock.com/secure/",
    "dotcomUrl": "https://hrblock.com/"

  },
  "app": {
    "virtualCardProductId": "G33VIRTUAL",
    "tisSpouseDepExpiryDays": 14
  },
  "url": {
    "tisUrl": "https://taxidshield.hrblock.com",
    "lendingTreeUrl" : "https://myblock.lendingtree.com/dashboard",
    "myblockGooglePlay": "https://play.google.com/store/apps/details?id=com.hrblock.blockmobile&hl=en",
    "myblockAppleAppStore": "https://itunes.apple.com/us/app/my-block/id490111274?mt=8",
    "prepaidCardUrl": "https://www.hrblock.com/financial-services/emerald-card-services/"
  },
  "lendingTree": {
    "clientId": "HrBlockSdk",
    "acrValues": "idp:hrb_saml2p",
    "loginUri":  "https://account.hrblock.com/lendingtree/login.html",
    "logoutUri": "https://account.hrblock.com/lendingtree/logout.html",
    "signupUri": "https://account.hrblock.com/lendingtree/signup.html",
    "authUri": "https://auth.lendingtree.com",
    "apiUri": "https://api.lendingtree.com",
    "CreditWheelEnv": ""
  }
}
