{
  "env": {
    "name": "qa"
  },
  "server": {
    "baseApiUrl": "https://account-qa.hrblock.net/",
    "baseGatewayApiUrl": "https://account-qa.hrblock.net/",
    "appUrl": "https://account-qa.hrblock.net/",
    "dashboardBaseApiUrl": "https://account-qa.hrblock.net/",
    "taxHistoryCehUrl": "https://account-qa.hrblock.net/",
    "taxHistoryUrl": "https://account-qa.hrblock.net/",
    "emeraldCardUrl": "https://emeraldonline-qa.hrblock.com/secure/",
    "dotcomUrl": "https://hrbcomqa.hrblock.net/"
  },
  "app": {
    "virtualCardProductId": "G9KVIRTUAL",
    "tisSpouseDepExpiryDays": 14
  },
  "url": {
      "tisUrl": "https://sso-stg.identitymanagementcenter.com/sp/startSSO.ping?PartnerIdpId=https://qaidp.hrblock.net/idp/shibboleth&ForceAuthn=true",
      "lendingTreeUrl" : "https://myblock.staging.lendingtree.com/dashboard",
      "myblockGooglePlay": "https://play.google.com/store/apps/details?id=com.hrblock.blockmobile&hl=en",
      "myblockAppleAppStore": "https://itunes.apple.com/us/app/my-block/id490111274?mt=8",
      "prepaidCardUrl": "https://www.hrblock.com/financial-services/emerald-card-services/"
  },
  "lendingTree": {
    "clientId": "HrBlockSdk",
    "acrValues": "idp:hrb_saml2p",
    "loginUri": "https://account-qa.hrblock.net/lendingtree/login.html",
    "logoutUri": "https://account-qa.hrblock.net/lendingtree/logout.html",
    "signupUri": "https://account-qa.hrblock.net/lendingtree/signup.html",
    "authUri": "https://auth.staging.lendingtree.com",
    "apiUri": "https://api.staging.lendingtree.com",
    "CreditWheelEnv": "staging"
  }
}
