{
  "env": {
    "name": "local"
  },
  "server": {
    "baseApiUrl": "https://localhost:5001/",
    "baseGatewayApiUrl": "https://localhost:5001/",
    "appUrl": "http://localhost:2030/",
    "dashboardBaseApiUrl": "https://localhost:5002/",
    "taxHistoryCehUrl": "https://mybtaxhistory-api.hrb-ase-dev.net/",
    "taxHistoryUrl": "https://mybtaxhistory-api.hrb-ase-dev.net/",
    "emeraldCardUrl": "https://emeraldonline-qa.hrblock.com/secure/",
    "dotcomUrl": "https://hrblock.com/"
  },
  "app": {
    "virtualCardProductId": "G9KVIRTUAL",
    "tisSpouseDepExpiryDays": 14
  },
  "url": {
    "tisUrl": "https://sso-stg.identitymanagementcenter.com/sp/startSSO.ping?PartnerIdpId=https://qaidp.hrblock.net/idp/shibboleth&ForceAuthn=true",
    "lendingTreeUrl" : "https://myblock.staging.lendingtree.com/dashboard",
    "myblockGooglePlay": "https://play.google.com/store/apps/details?id=com.hrblock.blockmobile&hl=en",
    "myblockAppleAppStore": "https://itunes.apple.com/us/app/my-block/id490111274?mt=8",
    "prepaidCardUrl": "https://www.hrblock.com/financial-services/emerald-card-services/"
  },
  "lendingTree": {
    "clientId": "HrBlockSdk",
    "acrValues": "idp:hrb_saml2p",
    "loginUri": "https://account-dev.hrblock.net/lendingtree/login.html",
    "logoutUri": "https://account-dev.hrblock.net/lendingtree/logout.html",
    "signupUri": "https://account-dev.hrblock.net/lendingtree/signup.html",
    "authUri": "https://auth.staging.lendingtree.com",
    "apiUri": "https://api.staging.lendingtree.com",
    "CreditWheelEnv": "staging"
  }
}
