{
  "env": {
    "name": "lnp"
  },
  "server": {
    "baseApiUrl": "https://account-lnp.hrblock.com/",
    "baseGatewayApiUrl": "https://account-lnp.hrblock.com/",
    "appUrl": "https://account-lnp.hrblock.com/",
    "dashboardBaseApiUrl": "https://account-lnp.hrblock.com/",
    "taxHistoryCehUrl": "https://account-lnp.hrblock.com/",
    "taxHistoryUrl": "https://account-lnp.hrblock.com/",
    "emeraldCardUrl": "https://emeraldonline-lp.hrblock.com/secure/",
    "dotcomUrl": "https://hrbcomlnp.hrblock.net/"
  },
  "app": {
    "virtualCardProductId": "G9KVIRTUAL",
    "tisSpouseDepExpiryDays": 14
  },
  "url": {
    "tisUrl": "https://sso-stg.identitymanagementcenter.com/sp/startSSO.ping?PartnerIdpId=https://qaidp.hrblock.net/idp/shibboleth&ForceAuthn=true",
    "lendingTreeUrl" : "https://mc.staging.lendingtree.com/dashboard",
    "myblockGooglePlay": "https://play.google.com/store/apps/details?id=com.hrblock.blockmobile&hl=en",
    "myblockAppleAppStore": "https://itunes.apple.com/us/app/my-block/id490111274?mt=8",
    "prepaidCardUrl": "https://www.hrblock.com/financial-services/emerald-card-services/"
  },
  "lendingTree": {
    "clientId": "HrBlockSdk",
    "acrValues": "idp:hrb_saml2p",
    "loginUri": "https://account-lnp.hrblock.com/lendingtree/login.html",
    "logoutUri": "https://account-lnp.hrblock.com/lendingtree/logout.html",
    "signupUri": "https://account-lnp.hrblock.com/lendingtree/signup.html",
    "authUri": "https://auth.staging.lendingtree.com",
    "apiUri": "https://api.staging.lendingtree.com",
    "CreditWheelEnv": "staging"
  }
}

