{
  "env": {
    "name": "production"
  },
  "server": {
    "baseApiUrl": "https://account.hrblock.com/",
    "baseGatewayApiUrl": "https://account.hrblock.com/",
    "appUrl": "https://account.hrblock.com/",
    "dotcomUrl": "https://hrblock.com/",
    "documentsUrl": "https://account.hrblock.com/",
    "dashboardApiUrl": "https://account.hrblock.com/",
    "tcxUrl": "https://login.taxes.hrblock.com",
    "webUrl": "https://account.hrblock.com",
    "baseAppointmentUrl": "https://account.hrblock.com/"
  },
  "app": {
    "taxYearYearNos": 6
  },
  "years": {
    "currentYear": "2020",
    "priorYear": "2019"
  },
  "url": {
    "irsHelpUrl": "https://www.hrblock.com/tax-offices/extended-tax-services/tax-audit/audit-support.html",
    "tcxDiyUrl": "https://login.taxes.hrblock.com/HRBlock/login/LoginRegistration.hrbx?TaxType=TCD&TaxYear=2020",
    "tcxTpgUrl": "https://login.taxes.hrblock.com/hrblock/weblogin/LoginRegistration.hrbx?PS=Y&TaxYear=2020&Domain=TPS&userType=seg2&TaxType=DOV&HT=F&tn=TPGInterview&FV=T&showStartwithoutAccount=false&PartnerID=0&tpgguid=",
    "tcxApproveUrl": "https://login.taxes.hrblock.com/HRBlock/weblogin/LoginRegistration.hrbx?PS=Y&TaxType=OFF&TaxYear=2020",
    "irsStatus": "https://sa.www4.irs.gov/irfof/lang/en/irfofgetstatus.jsp",
    "hrbHelp": "https://www.hrblock.com/tax-calculator/",
    "tcxLoginUrl": "https://login.taxes.hrblock.com/HRBlock/login/LoginRegistration.hrbx",
    "tisUrl": "https://taxidshield.hrblock.com",
    "tisCareUrl": "https://www.hrblock.com/tax-offices/product-services/tax-identity-shield.html",
    "waysToFileUrl": "https://www.hrblock.com/filing-options-and-products.html",
    "secondLookUrl": "https://www.hrblock.com/tax-offices/extended-tax-services/past-taxes.html",
    "pomUrl": "https://www.hrblock.com/tax-offices/tax-prep/extended-service.html",
    "racUrl": "https://www.hrblock.com/financial-services/tax-refund-payment/",
    "rfdadvanceUrl": "https://www.hrblock.com/offers/refund-advance/",
    "todoListUrl": "https://clientservices.hrblock.com/to-do-app/hrb-todo-list.min.js",
    "dotComTisUrl": "https://www.hrblock.com/tax-offices/product-services/tax-identity-shield.html",
    "manyWaysToFileUrl": "https://www.hrblock.com/filing-options-and-products/",
    "dotComApptSettingUrl" : "https://www.hrblock.com/tax-offices/make-appointment/?app_method=GENERAL_TAX_PREP_METHOD",
    "wfasUrl": "https://www.hrblock.com/online-tax-filing/guarantees/worry-free-audit-support.html"
  },
  "articles": {
    "w4Calc": "https://www.hrblock.com/w-4-calculator/",
    "irsExtension": "https://www.hrblock.com/tax-center/irs/deadlines-and-extensions/irs-extension/",
    "form1099": "https://www.hrblock.com/tax-center/irs/forms/form-1099/",
    "taxBracket": "https://www.hrblock.com/tax-center/irs/tax-brackets-and-rates/what-are-the-tax-brackets/",
    "rothIra": "https://www.hrblock.com/tax-center/income/retirement-income/traditional-and-roth-ira/"
  },
  "fileExtensionDate":{
    "fileExtensionStartDate": "-05-12",
    "fileExtensionEndDate": "-10-15"
  }
}
