{
  "env": {
    "name": "lnp"
  },
  "server": {
    "baseApiUrl": "https://account-lnp.hrblock.com/",
    "appUrl": "https://account-lnp.hrblock.com/",
    "taxproApiUrl":"https://account-lnp.hrblock.com/",
    "dashboardApiUrl": "https://account-lnp.hrblock.com/",
    "dotcomUrl": "https://hrbcomlnp.hrblock.com/"
  },
  "url": {
    "medalliaMobileApp" : "https://nebula.kampyle.com/dig-preview/build/index.html?digitalHost=nebula.kampyle.com&websiteId=196413&formId=32266&propertyType=website"
  }
}
