{
  "env": {
    "name": "qa"
  },
  "server": {
    "baseApiUrl": "https://account-qa.hrblock.net/",
    "appUrl": "https://account-qa.hrblock.net/",
    "taxproApiUrl":"https://account-qa.hrblock.net/",
    "dashboardApiUrl": "https://account-qa.hrblock.net/",
    "dotcomUrl": "https://hrbcomqa.hrblock.net/"
  },
  "url": {
    "medalliaMobileApp" : "https://nebula.kampyle.com/dig-preview/build/index.html?digitalHost=nebula.kampyle.com&websiteId=196413&formId=32266&propertyType=website"
  }
}
