{
  "env": {
    "name": "production"
  },
  "server": {
    "baseApiUrl": "https://account.hrblock.com/",
    "baseGatewayApiUrl": "https://account.hrblock.com/",
    "taxHistoryUrl": "https://account.hrblock.com/",
    "appUrl": "https://account.hrblock.com/",
    "dropzoneConfigUrl": "myblock-mydocuments/assets/config/dropzoneconfig.json",
    "profileApiUrl": "https://account.hrblock.com/",
    "tcxUrl": "https://taxes.hrblock.com",
    "dashboardApiUrl": "https://account.hrblock.com/"
  },
  "years": {
    "currentYear": "2020",
    "priorYear": "2019"
  },
  "url": {
    "tcxApproveUrl": "https://login.taxes.hrblock.com/HRBlock/weblogin/LoginRegistration.hrbx?PS=Y&TaxType=OFF&TaxYear=2020"
  }
}
