{
  "env": {
    "name": "lnp"
  },
  "server": {
    "baseApiUrl": "https://account-lnp.hrblock.com/",
    "baseGatewayApiUrl": "https://account-lnp.hrblock.com/",
    "taxHistoryUrl": "https://account-lnp.hrblock.com/",
    "appUrl": "https://account-lnp.hrblock.com/",
    "dropzoneConfigUrl": "myblock-mydocuments/assets/config/dropzoneconfig.json",
    "profileApiUrl": "https://account-lnp.hrblock.com/",
    "tcxUrl": "https://tcxscaletest.hrblock.com",
    "dashboardApiUrl": "https://account-lnp.hrblock.com/"
},
"years": {
  "currentYear": "2020",
  "priorYear": "2019"
},
"url": {
  "tcxApproveUrl": "https://login.taxes-qa.hrblock.com/HRBlock/weblogin/LoginRegistration.hrbx?PS=Y&TaxType=OFF&TaxYear=2020"
}
}
