{
  "env": {
    "name": "local"
  },
  "server": {
    "baseApiUrl": "https://mybdocuments-api-local.hrb-ase-dev.net/",
    "baseGatewayApiUrl": "https://mybdocuments-api-local.hrb-ase-dev.net/",
    "taxHistoryUrl": "https://localhost:5003",
    "appUrl": "http://localhost:2030/",
    "dropzoneConfigUrl": "myblock-mydocuments/assets/config/dropzoneconfig.json",
    "profileApiUrl": "https://mybprofile-api.hrb-ase-dev.net/",
    "tcxUrl": "https://tcxqa.hrblock.net",
    "dashboardApiUrl": "https://mybdashboard-api.hrb-ase-dev.net/"
  },
  "years": {
    "currentYear": "2020",
    "priorYear": "2019"

  },
  "url": {
    "tcxApproveUrl": "https://login.taxes-qa.hrblock.com/HRBlock/weblogin/LoginRegistration.hrbx?PS=Y&TaxType=OFF&TaxYear=2020"
  }
}
