{
  "env": {
    "name": "qa"
  },
  "server": {
    "baseApiUrl": "https://account-qa.hrblock.net/",
    "baseGatewayApiUrl": "https://account-qa.hrblock.net/",
    "taxHistoryUrl": "https://account-qa.hrblock.net/",
    "appUrl": "https://account-qa.hrblock.net/",
    "dropzoneConfigUrl": "myblock-mydocuments/assets/config/dropzoneconfig.json",
    "profileApiUrl": "https://account-qa.hrblock.net/",
    "tcxUrl": "https://tcxqa.hrblock.net",
    "dashboardApiUrl": "https://account-qa.hrblock.net/"
  },
  "years": {
    "currentYear": "2020",
    "priorYear": "2019"

  },
  "url": {
    "tcxApproveUrl": "https://login.taxes-qa.hrblock.com/HRBlock/weblogin/LoginRegistration.hrbx?PS=Y&TaxType=OFF&TaxYear=2020"
  }
}
