

  {
    "dropzoneAcceptedFiles": [
      { "type": "jpg", "size": 10} ,
      { "type": "jpeg", "size": 10} ,
      { "type": "tif", "size": 10} ,
      { "type": "tiff", "size": 10} ,
      { "type": "pdf", "size": 10} ,
      { "type": "doc", "size": 10} ,
      { "type": "docx", "size": 10} ,
      { "type": "xls", "size": 10} ,
      { "type": "xlsx", "size": 10} ,
      { "type": "png", "size": 10} ,
      { "type": "txt", "size": 10} ,
      { "type": "xps", "size": 10} ,
      { "type": "csv", "size": 10} ,
      { "type": "qba", "size": 100} ,
      { "type": "qbb", "size": 100} ,
      { "type": "qbm", "size": 100} ,
      { "type": "qbx", "size": 100} ,
      { "type": "qby", "size": 100} 
    ], 

    "dropZoneMaxFileSize" : 100,
    "dropZoneMaxFiles" : 10
  }

  
