{
  "env": {
    "name": "production"
  },
  "server": {
    "baseApiUrl": "https://account.hrblock.com/",
      "appUrl": "https://account.hrblock.com/",
      "dashboardBaseApiUrl": "https://account.hrblock.com/",
      "taxHistoryUrl": "https://account.hrblock.com/",
      "appointmentUrl": "https://account.hrblock.com/"
  },
  "url": {
    "videoChatHostedUrl": "https://clientservices.hrblock.com/video-app/index-video-client.html",
    "tcxTpgUrl": "https://login.taxes.hrblock.com/hrblock/weblogin/LoginRegistration.hrbx?PS=Y&TaxYear=2020&Domain=TPS&userType=seg2&TaxType=DOV&HT=F&tn=TPGInterview&FV=T&showStartwithoutAccount=false&PartnerID=0&tpgguid=",
    "videoChatScriptUrl": "https://clientservices.hrblock.com/video-app/hrb-video-collaboration-client.js",
    "personalServiceUrl": "http://www.hrbpersonalizedservices.com/",
    "dotComApptSettingUrl" : "https://www.hrblock.com/tax-offices/make-appointment/?app_method=GENERAL_TAX_PREP_METHOD"
  },
  "years": {
    "currentYear": "2019",
    "priorYear" :"2019"
  }
}
