{
  "env": {
    "name": "qa"
  },
  "server": {
    "baseApiUrl": "https://account-qa.hrblock.net/",
      "appUrl": "https://account-qa.hrblock.net/",
      "dashboardBaseApiUrl": "https://account-qa.hrblock.net/",
      "taxHistoryUrl": "https://account-qa.hrblock.net/",
      "appointmentUrl": "https://account-qa.hrblock.net/"
  },
  "url": {
    "videoChatHostedUrl": "https://clientservices-qa.hrblock.net/video-app/index-video-client.html",
    "tcxTpgUrl": "https://login.taxes-qa.hrblock.com/hrblock/login/LoginRegistration.hrbx?PS=Y&TaxYear=2020&Domain=TPS&userType=seg2&TaxType=DOV&HT=F&tn=TPGInterview&FV=T&showStartwithoutAccount=false&PartnerID=0&tpgguid=",
    "videoChatScriptUrl": "https://clientservices-qa.hrblock.net/video-app/hrb-video-collaboration-client.js",
    "personalServiceUrl": "http://www.hrbpersonalizedservices.com/",
    "dotComApptSettingUrl" : "https://www.hrblock.com/tax-offices/make-appointment/?app_method=GENERAL_TAX_PREP_METHOD"
  },
  "years": {
    "currentYear": "2020",
    "priorYear" :"2019"
  }
}
