{
    "env": {
      "name": "local"
    },
    "server": {
      "baseApiUrl": "https://mybdashboard-api-local.hrb-ase-dev.net/",
      "appUrl": "http://localhost:2030/",
      "smallBusinessResourceUrl" : "https://www.hrblock.com/tax-center/small-business/",
      "emeraldCardUrl" : "https://emeraldonline-qa.hrblock.com/secure/",
      "lendingTreeUrl" : "https://myblock.staging.lendingtree.com/dashboard",
      "taxHistoryUrl": "https://mybtaxhistory-api.hrb-ase-dev.net/",
      "dotcomUrl": "https://www.hrbcomqa.hrblock.net/",
      "appointmentUrl": "https://mybappointment-api.hrb-ase-dev.net/",
      "medalliaMobileApp" : "https://nebula.kampyle.com/dig-preview/build/index.html?digitalHost=nebula.kampyle.com&websiteId=196413&formId=32266&propertyType=website"
    },
    "app": {
      "virtualCardProductId": "G9KVIRTUAL",
      "tisSpouseDepExpiryDays": 14
    },
    "years": {
      "currentYear": "2020"
    },
    "url": {
      "myblockGooglePlay": "https://play.google.com/store/apps/details?id=com.hrblock.blockmobile&hl=en",
      "myblockAppleAppStore": "https://play.google.com/store/apps/details?id=com.hrblock.blockmobile&hl=en",
      "tcxTpgUrl": "https://login.taxes-qa.hrblock.com/hrblock/login/LoginRegistration.hrbx?PS=Y&TaxYear=2020&Domain=TPS&userType=seg2&TaxType=DOV&HT=F&tn=TPGInterview&FV=T&showStartwithoutAccount=false&PartnerID=0&tpgguid=",
      "tcxLoginUrl": "https://login.taxes-qa.hrblock.com/",
      "tcxAOLUrl": "https://login.taxes-qa.hrblock.com/HRBlock/weblogin/LoginRegistration.hrbx?PS=Y&TaxType=OFF&TaxYear=2020 ",
      "tcxURL": "https://login.taxes-qa.hrblock.com/hrblock/login/LoginRegistration.hrbx",
      "defaultTcxURL": "https://login.taxes-qa.hrblock.com/HRBlock/login/LoginRegistration.hrbx?TaxType=TCD&TaxYear=2020",
      "waysToFileUrl": "https://www.hrblock.com/filing-options-and-products.html",
      "videoChatHostedUrl": "https://clientservices-qa.hrblock.net/video-app/index-video-client.html",
      "dotComApptSettingUrl" : "https://www.hrblock.com/tax-offices/make-appointment/?app_method=GENERAL_TAX_PREP_METHOD",
      "helpfulResourcesUrl" : "https://web.blockadvisors.com/insights/",
      "partnerOffersUrl" : "https://www.blockadvisors.com/partners/"
    },
    "articles": {
      "w2Breakdown": "https://www.hrblock.com/tax-center/irs/forms/understanding-w-2-boxes-and-codes/",
      "taxChecklist": "https://www.hrblock.com/tax-prep-checklist/#/en/checklist/",
      "refundStatus": "https://www.hrblock.com/tax-center/irs/refunds-and-payments/checking-status-of-tax-refund/",
      "agiInfo": "https://www.hrblock.com/tax-center/income/other-income/what-is-adjusted-gross-income-and-taxable-income/"
    }
  }
