{
  "env": {
    "name": "production"
  },
  "server": {
    "baseApiUrl": "https://account.hrblock.com/",
    "appUrl": "https://account.hrblock.com/",
    "smallBusinessResourceUrl": "https://www.hrblock.com/tax-center/small-business/",
    "emeraldCardUrl": "https://myemeraldonline.hrblock.com/secure/",
    "lendingTreeUrl": "https://myblock.lendingtree.com/dashboard",
    "taxHistoryUrl": "https://account.hrblock.com/",
    "dotcomUrl": "https://www.hrblock.com/",
    "appointmentUrl": "https://account.hrblock.com/"
  },
  "app": {
    "virtualCardProductId": "G33VIRTUAL",
    "tisSpouseDepExpiryDays": 14
  },
  "years": {
    "currentYear": "2020"
  },
  "url": {
    "myblockGooglePlay": "https://play.google.com/store/apps/details?id=com.hrblock.blockmobile&hl=en",
    "myblockAppleAppStore": "https://play.google.com/store/apps/details?id=com.hrblock.blockmobile&hl=en",
    "tcxTpgUrl": "https://login.taxes.hrblock.com/hrblock/weblogin/LoginRegistration.hrbx?PS=Y&TaxYear=2020&Domain=TPS&userType=seg2&TaxType=DOV&HT=F&tn=TPGInterview&FV=T&showStartwithoutAccount=false&PartnerID=0&tpgguid=",
    "tcxLoginUrl": "https://login.taxes.hrblock.com/",
    "tcxAOLUrl": "https://login.taxes.hrblock.com/HRBlock/weblogin/LoginRegistration.hrbx?PS=Y&TaxType=OFF&TaxYear=2020",
    "tcxURL": "https://login.taxes.hrblock.com/hrblock/login/LoginRegistration.hrbx",
    "defaultTcxURL": "https://login.taxes.hrblock.com/HRBlock/login/LoginRegistration.hrbx?TaxType=TCD&TaxYear=2020",
    "waysToFileUrl": "https://www.hrblock.com/filing-options-and-products.html",
    "videoChatHostedUrl": "https://clientservices-qa.hrblock.net/video-app/index-video-client.html",
    "medalliaMobileApp" : "https://nebula-cdn.kampyle.com/direct/form.html?region=prodUsOregon&websiteId=196413&formId=31972",
    "dotComApptSettingUrl" : "https://www.hrblock.com/tax-offices/make-appointment/?app_method=GENERAL_TAX_PREP_METHOD",
    "helpfulResourcesUrl" : "https://web.blockadvisors.com/insights/",
    "partnerOffersUrl" : "https://www.blockadvisors.com/partners/"
  },
  "articles": {
    "w2Breakdown": "https://www.hrblock.com/tax-center/irs/forms/understanding-w-2-boxes-and-codes/",
    "taxChecklist": "https://www.hrblock.com/tax-prep-checklist/#/en/checklist/",
    "refundStatus": "https://www.hrblock.com/tax-center/irs/refunds-and-payments/checking-status-of-tax-refund/",
    "agiInfo": "https://www.hrblock.com/tax-center/income/other-income/what-is-adjusted-gross-income-and-taxable-income/"
  }
}
